{
  "movement": 18.57999999999995,
  "awareness": 9.789999999999992,
  "social": 6.2740000000000515,
  "tools": 8.03199999999986
}